transcript-id,PBS48IVF48vsMIM48_PValue
TRINITY_DN28419_c4_g2_i1,0.000112087631193567
TRINITY_DN39536_c12_g7_i1,0.000112452061341564
TRINITY_DN34583_c2_g1_i7,0.000116371178778322
TRINITY_DN38983_c1_g2_i10,0.000134004446389838
TRINITY_DN37547_c2_g1_i2,0.000141577659178927
TRINITY_DN36639_c5_g1_i5,0.000147779379384569
TRINITY_DN36712_c1_g1_i3,0.000153790493104913
TRINITY_DN34349_c3_g1_i1,0.00016166672854559
TRINITY_DN37367_c1_g1_i2,0.000176874664671007
TRINITY_DN34583_c2_g1_i4,0.000198790315044687
TRINITY_DN35412_c0_g1_i12,0.000219523246336034
TRINITY_DN28962_c8_g4_i2,0.00022719003879944
TRINITY_DN27765_c3_g2_i2,0.000250475435366175
TRINITY_DN29783_c1_g5_i2,0.000257980444863744
TRINITY_DN36729_c3_g1_i3,0.000264999500168828
TRINITY_DN31257_c3_g3_i3,0.000266541663620086
TRINITY_DN36957_c0_g3_i10,0.000267906077681117
TRINITY_DN27765_c3_g2_i11,0.00027269406159048
TRINITY_DN35317_c1_g2_i18,0.000276024416462085
TRINITY_DN35280_c1_g5_i1,0.000281130865623026
TRINITY_DN39726_c9_g1_i2,0.000281165190259352
TRINITY_DN32262_c0_g2_i4,0.000368843867758968
TRINITY_DN39007_c4_g1_i2,0.000376963679732544
TRINITY_DN30941_c5_g1_i1,0.00040737104569442
TRINITY_DN31257_c3_g3_i1,0.00041501860490448
TRINITY_DN37265_c6_g1_i14,0.000436812843712338
TRINITY_DN37920_c0_g3_i1,0.000506915692619995
TRINITY_DN29518_c1_g1_i1,0.00053003851223005
TRINITY_DN27765_c3_g2_i7,0.000541515020443061
TRINITY_DN36957_c0_g3_i8,0.000565257953507972
TRINITY_DN37242_c1_g4_i1,0.000585647616450524
TRINITY_DN28504_c4_g1_i3,0.000596223721668263
TRINITY_DN34733_c0_g1_i1,0.000605674944397637
TRINITY_DN29851_c3_g1_i8,0.000614651818542605
TRINITY_DN36652_c3_g1_i1,0.000645752735893519
TRINITY_DN35280_c1_g5_i2,0.000652264846884266
TRINITY_DN27224_c5_g3_i1,0.000675906628507102
TRINITY_DN35774_c2_g2_i3,0.000702219052215912
TRINITY_DN33404_c1_g1_i6,0.00070974962306326
TRINITY_DN27765_c3_g2_i17,0.000710943208449767
TRINITY_DN34082_c0_g1_i5,0.000720820465815916
TRINITY_DN38689_c2_g1_i7,0.000747764204366354
TRINITY_DN32505_c1_g5_i2,0.000760924756589676
TRINITY_DN33253_c1_g2_i11,0.000779024143054815
TRINITY_DN39494_c1_g1_i6,0.000780184592938042
TRINITY_DN38545_c0_g5_i2,0.000817526458118915
TRINITY_DN34583_c2_g1_i11,0.000850985090738292
TRINITY_DN36778_c3_g2_i1,0.000859008879528412
TRINITY_DN32603_c4_g2_i1,0.000877117380381918
TRINITY_DN37061_c0_g2_i2,0.000908620705008377
TRINITY_DN27225_c3_g1_i1,0.0010075055237633
TRINITY_DN32983_c4_g1_i4,0.00101618053548305
TRINITY_DN34545_c4_g2_i5,0.00104801469246601
TRINITY_DN38308_c1_g1_i11,0.00104804025762041
TRINITY_DN33253_c1_g2_i7,0.00105104455767153
TRINITY_DN38689_c2_g1_i6,0.00106308602871619
TRINITY_DN31817_c5_g1_i4,0.00106310104215571
TRINITY_DN39461_c1_g2_i1,0.00108049899214211
TRINITY_DN38852_c1_g1_i12,0.00108834124468891
TRINITY_DN31204_c6_g7_i1,0.00109031462038745
TRINITY_DN38524_c4_g2_i2,0.00109553699814735
TRINITY_DN32983_c4_g1_i3,0.00110772941178342
TRINITY_DN27033_c1_g1_i2,0.00111039020054973
TRINITY_DN30182_c2_g3_i2,0.00112963222526388
TRINITY_DN35280_c1_g5_i3,0.00114766846185199
TRINITY_DN30884_c1_g1_i1,0.00115622005247594
TRINITY_DN33435_c3_g2_i1,0.00115933382208238
TRINITY_DN38639_c3_g2_i1,0.00116305038828435
TRINITY_DN38545_c0_g1_i2,0.00120130879878257
TRINITY_DN35290_c2_g2_i1,0.00122029470485308
TRINITY_DN36326_c2_g4_i7,0.00122669247398182
TRINITY_DN37251_c3_g4_i1,0.00125473694978701
TRINITY_DN29416_c6_g1_i6,0.00128990102741701
TRINITY_DN28967_c2_g5_i2,0.00129273716041647
TRINITY_DN33253_c1_g2_i5,0.00129703465382712
TRINITY_DN37785_c2_g2_i6,0.00129765090087012
TRINITY_DN30437_c0_g2_i2,0.00131173092431694
TRINITY_DN32110_c0_g1_i4,0.00132835852644352
TRINITY_DN35317_c1_g2_i3,0.0013316878392676
TRINITY_DN33253_c1_g2_i6,0.00134415906383611
TRINITY_DN30272_c0_g2_i3,0.00135082926243093
TRINITY_DN28935_c0_g1_i13,0.00135953607261474
TRINITY_DN34192_c3_g1_i2,0.00140339084719013
TRINITY_DN39497_c5_g3_i1,0.00143717838526563
TRINITY_DN36345_c6_g1_i1,0.00144413362911751
TRINITY_DN32871_c4_g4_i1,0.00145763285809453
TRINITY_DN31522_c11_g2_i2,0.00146364910971901
TRINITY_DN38821_c1_g2_i1,0.00147574334911787
TRINITY_DN36326_c2_g4_i2,0.00147750877764034
TRINITY_DN38545_c0_g1_i4,0.0014908934584084
TRINITY_DN32833_c7_g2_i2,0.00150404063833957
TRINITY_DN31108_c4_g1_i4,0.00151115447199095
TRINITY_DN33404_c1_g1_i7,0.00153939050115741
TRINITY_DN28855_c8_g1_i1,0.00154345887280737
TRINITY_DN37062_c5_g3_i11,0.00157429487095141
TRINITY_DN29851_c3_g1_i4,0.00157852855564176
TRINITY_DN34902_c0_g1_i3,0.00158109981262334
TRINITY_DN37061_c0_g2_i3,0.00159716264816324
TRINITY_DN25216_c0_g1_i1,0.00160883920563937
TRINITY_DN31996_c1_g1_i1,0.00161509515060106
TRINITY_DN18051_c0_g1_i1,0.00161867585954086
TRINITY_DN36639_c5_g1_i1,0.0016348229998687
TRINITY_DN36603_c0_g1_i8,0.00163601885111168
TRINITY_DN35317_c1_g2_i5,0.00163908753445218
TRINITY_DN30938_c4_g1_i1,0.0016559180730479
TRINITY_DN38028_c2_g1_i3,0.00170798164102259
TRINITY_DN35002_c3_g1_i13,0.00171185232252478
TRINITY_DN27426_c1_g2_i1,0.00172240503497692
TRINITY_DN33441_c5_g1_i4,0.00172647484657722
TRINITY_DN32175_c3_g1_i2,0.00172740144019856
TRINITY_DN30463_c6_g1_i5,0.0017458410863183
TRINITY_DN32759_c2_g2_i8,0.00176403162965053
TRINITY_DN38639_c3_g2_i3,0.00177525509313437
TRINITY_DN35573_c2_g2_i5,0.00177557074163359
TRINITY_DN36607_c0_g2_i1,0.00177912705653617
TRINITY_DN34176_c2_g1_i4,0.00181098304245435
TRINITY_DN33994_c1_g3_i4,0.00183179956032476
TRINITY_DN34575_c3_g3_i1,0.00187483282947865
TRINITY_DN36391_c2_g5_i1,0.0018856001867698
TRINITY_DN28635_c3_g1_i3,0.0018887364857631
TRINITY_DN34235_c2_g2_i2,0.00191209003698919
TRINITY_DN34545_c4_g2_i6,0.00194115770396983
TRINITY_DN28573_c6_g1_i1,0.00194178282752844
TRINITY_DN35618_c0_g1_i5,0.0019468686755655
TRINITY_DN29716_c0_g1_i1,0.00195024898502201
TRINITY_DN33755_c5_g2_i1,0.00197689062216683
TRINITY_DN36371_c3_g1_i1,0.0019799766329528
TRINITY_DN39301_c1_g1_i10,0.00198152487256224
TRINITY_DN27765_c3_g2_i22,0.00202894292182605
TRINITY_DN35200_c0_g1_i2,0.00204238288397245
TRINITY_DN26824_c0_g1_i2,0.00208336146023383
TRINITY_DN32831_c1_g3_i3,0.00209839216584598
TRINITY_DN38592_c1_g2_i2,0.00210225928932827
TRINITY_DN31197_c5_g1_i1,0.00216284907819736
TRINITY_DN33236_c7_g5_i1,0.00217135718433763
TRINITY_DN38144_c0_g1_i3,0.00217342614878833
TRINITY_DN33712_c2_g1_i21,0.00217437606175518
TRINITY_DN39424_c6_g1_i10,0.0021753741619546
TRINITY_DN27401_c0_g1_i1,0.0022044145253105
TRINITY_DN39316_c4_g2_i2,0.00220474057237184
TRINITY_DN31607_c0_g1_i3,0.00221339814461454
TRINITY_DN27658_c1_g1_i1,0.00221833020481507
TRINITY_DN28969_c0_g1_i6,0.00222881958056982
TRINITY_DN35439_c0_g1_i1,0.00223716172502329
TRINITY_DN38689_c2_g1_i14,0.00226232277086439
TRINITY_DN32285_c2_g2_i4,0.0022629820024481
TRINITY_DN25952_c0_g1_i10,0.00226454760699717
TRINITY_DN36762_c3_g1_i6,0.00228392131082677
TRINITY_DN37662_c2_g4_i5,0.00231706896250919
TRINITY_DN34511_c0_g8_i2,0.00233299668854171
TRINITY_DN32329_c8_g1_i1,0.00235785715739203
TRINITY_DN31589_c1_g2_i1,0.00235917504255331
TRINITY_DN27414_c6_g2_i5,0.00238925051834933
TRINITY_DN33684_c0_g3_i1,0.00239429959926899
TRINITY_DN37543_c0_g5_i1,0.00239671621364702
TRINITY_DN27980_c5_g1_i4,0.00243803801482085
TRINITY_DN39026_c5_g1_i9,0.00244663335672544
TRINITY_DN38766_c4_g3_i1,0.00246208981671545
TRINITY_DN34525_c4_g3_i3,0.00247295065444725
TRINITY_DN36345_c6_g2_i3,0.00248083272786813
TRINITY_DN29348_c4_g1_i3,0.00250513448135804
TRINITY_DN38700_c1_g1_i1,0.00253721366894068
TRINITY_DN33201_c5_g1_i5,0.00256769316714203
TRINITY_DN27520_c4_g2_i8,0.00258711843960019
TRINITY_DN22402_c0_g1_i1,0.00259057113432003
TRINITY_DN27754_c12_g7_i1,0.00260244271247249
TRINITY_DN32102_c0_g1_i12,0.00260538660508096
TRINITY_DN27143_c3_g1_i3,0.00260663956540176
TRINITY_DN30764_c2_g4_i2,0.00262829631744604
TRINITY_DN26795_c5_g4_i1,0.00263869312749729
TRINITY_DN30025_c5_g4_i1,0.00264716666983463
TRINITY_DN38144_c0_g1_i1,0.00265547195092922
TRINITY_DN27800_c4_g3_i8,0.0026736319487553
TRINITY_DN35657_c2_g2_i2,0.00267798100710736
TRINITY_DN35307_c0_g2_i1,0.00269338003233763
TRINITY_DN29983_c0_g1_i1,0.00270214046704366
TRINITY_DN26730_c2_g1_i1,0.0027445820529721
TRINITY_DN28504_c4_g1_i7,0.00278296100253754
TRINITY_DN35317_c1_g2_i1,0.00281389665784561
TRINITY_DN39652_c4_g1_i6,0.00283962894591957
TRINITY_DN32727_c0_g1_i2,0.00284273388963572
TRINITY_DN19545_c0_g1_i1,0.00285507418785885
TRINITY_DN39588_c6_g1_i8,0.00287174358962248
TRINITY_DN36414_c1_g1_i1,0.00290040706405599
TRINITY_DN33250_c6_g2_i6,0.00294180309472412
TRINITY_DN37089_c8_g1_i4,0.00294822911303663
TRINITY_DN38368_c1_g1_i2,0.00295599044067209
TRINITY_DN37389_c4_g1_i12,0.00295769716434988
TRINITY_DN31876_c0_g1_i5,0.0029785323964854
TRINITY_DN30219_c1_g1_i3,0.00298220406094799
TRINITY_DN34912_c1_g1_i3,0.00302533025148026
TRINITY_DN30112_c1_g1_i1,0.00302800547433994
TRINITY_DN29851_c3_g1_i2,0.00303710617034415
TRINITY_DN34760_c2_g1_i4,0.00305309892278208
TRINITY_DN37398_c1_g3_i1,0.00308347333722539
TRINITY_DN35762_c0_g2_i1,0.00309156682981154
TRINITY_DN25097_c0_g1_i1,0.0031026175626173
TRINITY_DN36345_c6_g2_i1,0.00310783307699967
TRINITY_DN28039_c3_g1_i2,0.00310904335358359
TRINITY_DN38689_c2_g1_i12,0.00312111536176463
TRINITY_DN32654_c0_g1_i1,0.00313901439685039
TRINITY_DN24789_c0_g1_i4,0.00317631519249549
TRINITY_DN35169_c0_g1_i6,0.00317950153450254
TRINITY_DN36607_c0_g1_i1,0.00319889816093166
TRINITY_DN35271_c4_g1_i1,0.00321240797248032
TRINITY_DN37126_c2_g1_i11,0.00321621770788828
TRINITY_DN35129_c2_g1_i12,0.00322060267055408
TRINITY_DN31091_c2_g4_i1,0.00323513823308339
TRINITY_DN33404_c1_g1_i8,0.0032489481964165
TRINITY_DN38639_c3_g2_i2,0.00330034058641104
TRINITY_DN35656_c6_g1_i2,0.00331405660116343
TRINITY_DN36326_c2_g4_i4,0.00332089099678783
TRINITY_DN28967_c2_g4_i11,0.00332896465604642
TRINITY_DN36034_c3_g3_i1,0.00337653933926913
TRINITY_DN33688_c1_g1_i3,0.00338085816872194
TRINITY_DN28573_c7_g2_i7,0.00339524971573997
TRINITY_DN38028_c2_g1_i6,0.00340370065874954
TRINITY_DN34300_c0_g2_i5,0.00341046341756388
TRINITY_DN29851_c3_g1_i10,0.00343029791759702
TRINITY_DN29406_c0_g2_i1,0.00349297019859832
TRINITY_DN29783_c1_g3_i1,0.00352373255886594
TRINITY_DN34431_c0_g6_i1,0.00353565299403024
TRINITY_DN26697_c0_g1_i2,0.00353704201226573
TRINITY_DN38269_c0_g1_i2,0.00354114712022263
TRINITY_DN26730_c3_g5_i1,0.00354350012301399
TRINITY_DN20133_c0_g1_i5,0.00354993796137192
TRINITY_DN33012_c5_g1_i6,0.00355468481791308
TRINITY_DN32102_c0_g1_i2,0.00357241123418012
TRINITY_DN26508_c6_g4_i6,0.00358575504969983
TRINITY_DN30762_c0_g1_i3,0.00358576320089419
TRINITY_DN28112_c3_g1_i6,0.00358831607127796
TRINITY_DN35618_c0_g1_i3,0.00359457632928707
TRINITY_DN26765_c0_g3_i2,0.00362433587501109
TRINITY_DN25977_c0_g1_i2,0.00363042525745814
TRINITY_DN29260_c3_g1_i5,0.00363486713570172
TRINITY_DN31916_c5_g6_i3,0.00366711768111574
TRINITY_DN36705_c0_g3_i8,0.00368158253937798
TRINITY_DN38689_c2_g1_i11,0.00368432183090335
TRINITY_DN24051_c0_g1_i3,0.00370115044614815
TRINITY_DN25952_c0_g1_i3,0.00372579666336358
TRINITY_DN33441_c5_g1_i3,0.00373252842141129
TRINITY_DN30254_c0_g1_i2,0.00373910509155778
TRINITY_DN33486_c0_g1_i1,0.00377532717071343
TRINITY_DN36450_c0_g1_i1,0.00381049773427146
TRINITY_DN34176_c2_g1_i7,0.00381300372725798
TRINITY_DN29902_c4_g2_i5,0.00381837278840414
TRINITY_DN38144_c0_g1_i2,0.00381850159835699
TRINITY_DN38144_c0_g1_i4,0.0038243221521937
TRINITY_DN38833_c3_g3_i1,0.00385564809510937
TRINITY_DN35483_c4_g2_i1,0.00386468357516459
TRINITY_DN30437_c0_g3_i4,0.00387773075887747
TRINITY_DN28573_c6_g1_i2,0.00391107621214595
TRINITY_DN33236_c7_g5_i4,0.00391590334333758
TRINITY_DN31607_c0_g1_i1,0.00394392791625272
TRINITY_DN32619_c0_g1_i1,0.00394462280519886
TRINITY_DN34647_c5_g1_i5,0.00394760924693182
TRINITY_DN27390_c0_g1_i6,0.00395161069787402
TRINITY_DN39314_c4_g1_i7,0.00396052606622519
TRINITY_DN39497_c5_g1_i5,0.00397932299859995
TRINITY_DN39721_c13_g1_i9,0.00401014471527386
TRINITY_DN26385_c0_g1_i1,0.00404935941913987
TRINITY_DN29378_c0_g1_i3,0.00406712710673725
TRINITY_DN36778_c3_g2_i2,0.00407024611885057
TRINITY_DN37254_c1_g4_i1,0.00409773801586761
TRINITY_DN31134_c6_g3_i1,0.00410102302034794
TRINITY_DN32572_c4_g1_i4,0.00410299580272748
TRINITY_DN34232_c2_g1_i7,0.00410356678855394
TRINITY_DN20774_c0_g1_i1,0.0041331456723009
TRINITY_DN38047_c0_g1_i1,0.00414782996454484
TRINITY_DN34235_c2_g3_i1,0.00415035253829848
TRINITY_DN39664_c3_g2_i11,0.00418245850096446
TRINITY_DN38833_c3_g1_i1,0.0041919959518927
TRINITY_DN34143_c2_g2_i5,0.00420912945350109
TRINITY_DN39346_c6_g1_i14,0.00420944100186548
TRINITY_DN36414_c1_g1_i16,0.00421917856219506
TRINITY_DN28918_c2_g1_i1,0.00423170222789105
TRINITY_DN39079_c2_g1_i2,0.00424302026012089
TRINITY_DN36957_c0_g3_i6,0.0042644541720905
TRINITY_DN29712_c3_g1_i1,0.00426469448412154
TRINITY_DN36607_c0_g1_i2,0.00426887642816402
TRINITY_DN25210_c0_g1_i1,0.00427844273644303
TRINITY_DN33404_c1_g1_i4,0.00430307845971542
TRINITY_DN39016_c2_g1_i1,0.00432503486734992
TRINITY_DN32705_c0_g1_i5,0.00433001100482879
TRINITY_DN36797_c0_g1_i2,0.00433707131956916
TRINITY_DN27033_c1_g1_i4,0.00435117689840726
TRINITY_DN31262_c0_g1_i1,0.00437606875603575
TRINITY_DN34842_c4_g1_i1,0.00439655258509304
TRINITY_DN33721_c1_g1_i1,0.00440138086076317
TRINITY_DN29993_c5_g2_i4,0.00441733458425321
TRINITY_DN34503_c1_g1_i7,0.00443882116528075
TRINITY_DN30182_c2_g3_i8,0.00445965678369594
TRINITY_DN35456_c0_g1_i3,0.00448739916976956
TRINITY_DN29078_c4_g2_i2,0.00449172891907867
TRINITY_DN34232_c2_g1_i8,0.00449671312563839
TRINITY_DN31203_c1_g1_i1,0.00449851223346944
TRINITY_DN34973_c9_g2_i1,0.00450164560789008
TRINITY_DN38347_c1_g1_i1,0.00450539784342715
TRINITY_DN36456_c1_g2_i5,0.00452362322725449
TRINITY_DN38206_c1_g3_i1,0.00453190944777674
TRINITY_DN30121_c2_g3_i2,0.00453462957213374
TRINITY_DN33466_c1_g1_i2,0.00454361518798761
TRINITY_DN38689_c2_g1_i1,0.00457554747473074
TRINITY_DN36424_c5_g1_i7,0.00459719579271052
TRINITY_DN33001_c2_g5_i1,0.00460269494411362
TRINITY_DN26264_c0_g1_i4,0.00460735866960796
TRINITY_DN27486_c4_g1_i1,0.00461048825992992
TRINITY_DN35317_c1_g5_i3,0.00465932018510537
TRINITY_DN39657_c5_g1_i4,0.00469912490645012
TRINITY_DN35346_c0_g1_i3,0.00474531464453778
TRINITY_DN32891_c3_g2_i4,0.00475939806232159
TRINITY_DN28967_c2_g4_i4,0.00476286710126329
TRINITY_DN29931_c4_g1_i1,0.00478231055631899
TRINITY_DN29537_c2_g1_i4,0.00479733468631668
TRINITY_DN36322_c0_g3_i1,0.00479790277141028
TRINITY_DN33148_c2_g1_i2,0.00480822776471072
TRINITY_DN39474_c3_g1_i1,0.00480960033326896
TRINITY_DN29427_c6_g1_i1,0.00481587131002508
TRINITY_DN37714_c4_g4_i2,0.00484876664929228
TRINITY_DN29980_c7_g1_i1,0.00486360178049007
TRINITY_DN34448_c3_g1_i1,0.00486473893197142
TRINITY_DN30792_c3_g1_i1,0.00488079387870994
TRINITY_DN35573_c2_g2_i7,0.00492239159699702
TRINITY_DN34503_c1_g1_i1,0.0049436677669736
TRINITY_DN35351_c1_g1_i1,0.00494474515461542
TRINITY_DN38689_c2_g1_i10,0.00495944279562973
TRINITY_DN31899_c3_g1_i1,0.00497349707719096
TRINITY_DN38035_c1_g1_i6,0.0049830883543332
TRINITY_DN27034_c0_g2_i1,0.00500919803862813
TRINITY_DN35945_c3_g1_i5,0.00501329582509794
TRINITY_DN30507_c2_g1_i1,0.00506929214292125
TRINITY_DN39709_c5_g2_i1,0.00508088810157342
TRINITY_DN33480_c5_g1_i1,0.00509527194028833
TRINITY_DN32790_c0_g2_i2,0.00513405713375515
TRINITY_DN28122_c6_g2_i1,0.00513822163613897
TRINITY_DN34569_c2_g3_i3,0.00513852443123076
TRINITY_DN36762_c3_g1_i5,0.00514051027508698
TRINITY_DN36937_c0_g2_i3,0.00514138395771846
TRINITY_DN31254_c5_g1_i4,0.00517145823062833
TRINITY_DN35475_c0_g1_i3,0.00519095103527714
TRINITY_DN24318_c0_g1_i1,0.00519448518608553
TRINITY_DN35861_c1_g1_i15,0.00522296375114497
TRINITY_DN33775_c3_g4_i1,0.00524525142293762
TRINITY_DN28601_c0_g1_i11,0.00525016169353937
TRINITY_DN37310_c0_g1_i1,0.00525385074779063
TRINITY_DN25473_c1_g1_i10,0.00526243629921349
TRINITY_DN35200_c0_g1_i1,0.00529372145943816
TRINITY_DN28504_c4_g2_i1,0.00532306227804304
TRINITY_DN38096_c2_g2_i5,0.00534163115744134
TRINITY_DN26836_c0_g2_i10,0.00534560777126843
TRINITY_DN33435_c3_g1_i1,0.00534625245056983
TRINITY_DN27759_c2_g1_i1,0.0053537327083216
TRINITY_DN27354_c0_g1_i2,0.00541176688650147
TRINITY_DN39588_c6_g1_i7,0.00541259178042641
TRINITY_DN33669_c1_g1_i2,0.00541720317301819
TRINITY_DN38925_c0_g1_i1,0.00541751379084711
TRINITY_DN36056_c5_g1_i11,0.00546385698888648
TRINITY_DN32425_c1_g1_i5,0.00547130669124481
TRINITY_DN39026_c5_g1_i1,0.00547978369835653
TRINITY_DN29041_c0_g1_i6,0.00548519036810601
TRINITY_DN33236_c7_g5_i2,0.00549294959067787
TRINITY_DN29601_c4_g5_i1,0.00549393272133202
TRINITY_DN37210_c9_g1_i1,0.00550358318810917
TRINITY_DN33146_c1_g2_i10,0.0055172535066651
TRINITY_DN28735_c1_g1_i1,0.00552155992534701
TRINITY_DN39026_c5_g3_i1,0.00552332888200286
TRINITY_DN35981_c2_g1_i4,0.00555126445985963
TRINITY_DN34288_c5_g2_i12,0.0055539701759206
TRINITY_DN24730_c0_g2_i3,0.0055619849849737
TRINITY_DN38028_c2_g1_i10,0.00558159749969782
TRINITY_DN33292_c2_g1_i3,0.0055858164373373
TRINITY_DN38285_c1_g1_i1,0.00559229452616906
TRINITY_DN38805_c10_g1_i1,0.00560505673073561
TRINITY_DN31498_c0_g2_i2,0.00560684717648949
TRINITY_DN38908_c1_g2_i5,0.00561048648805979
TRINITY_DN34652_c1_g2_i13,0.00561844904944156
TRINITY_DN29887_c1_g3_i2,0.00562035476480716
TRINITY_DN34287_c6_g1_i6,0.00562434944998954
TRINITY_DN37210_c9_g1_i3,0.0056940871349205
TRINITY_DN27170_c0_g1_i1,0.00570358419085975
TRINITY_DN32487_c0_g2_i1,0.0057041390597246
TRINITY_DN38711_c1_g1_i4,0.00571291297293013
TRINITY_DN33250_c6_g2_i5,0.00572775736255743
TRINITY_DN36573_c2_g1_i1,0.00572798670878105
TRINITY_DN39159_c4_g2_i1,0.00573888240851645
TRINITY_DN27084_c0_g3_i3,0.00575306011106455
TRINITY_DN29944_c0_g1_i3,0.0057592652618693
TRINITY_DN36603_c0_g1_i7,0.0058008063199368
TRINITY_DN32287_c3_g5_i2,0.00582392377781086
TRINITY_DN35516_c4_g1_i14,0.00582820152109485
TRINITY_DN31663_c3_g1_i5,0.00583811349882459
TRINITY_DN32972_c4_g1_i2,0.005850383675246
TRINITY_DN35958_c4_g1_i3,0.00585465104041434
TRINITY_DN35790_c4_g2_i2,0.00585612552267251
TRINITY_DN29880_c5_g1_i1,0.00586075303442178
TRINITY_DN33146_c1_g2_i8,0.00587516734374654
TRINITY_DN32753_c3_g1_i1,0.00587524863033385
TRINITY_DN38573_c4_g3_i3,0.00587927022003107
TRINITY_DN29010_c4_g1_i8,0.00588444840946007
TRINITY_DN34993_c4_g4_i1,0.00588729077744193
TRINITY_DN33836_c3_g7_i1,0.00589054285164646
TRINITY_DN39485_c2_g1_i6,0.00590971467896712
TRINITY_DN35650_c1_g1_i3,0.00592618194157586
TRINITY_DN30615_c1_g1_i5,0.00593212901016453
TRINITY_DN36607_c0_g1_i3,0.00593282961413041
TRINITY_DN26836_c0_g2_i6,0.00595756734328318
TRINITY_DN29289_c2_g5_i2,0.00596004614358282
TRINITY_DN27282_c0_g2_i1,0.00598191526676371
TRINITY_DN32287_c2_g1_i1,0.00601798977600501
TRINITY_DN24343_c1_g1_i1,0.00601885520245703
TRINITY_DN26736_c4_g1_i10,0.00604015626016649
TRINITY_DN27993_c3_g2_i6,0.00605308917749287
TRINITY_DN35774_c2_g2_i5,0.00606225466617247
TRINITY_DN36051_c1_g2_i1,0.00607704657268993
TRINITY_DN37696_c0_g2_i14,0.0060837824032874
TRINITY_DN32144_c3_g1_i1,0.00608776245199923
TRINITY_DN26730_c3_g5_i3,0.00613910440871618
TRINITY_DN33048_c3_g4_i1,0.00618004381735797
TRINITY_DN30405_c1_g1_i2,0.00619623738374395
TRINITY_DN34266_c3_g4_i1,0.0062000854181568
TRINITY_DN33177_c0_g1_i1,0.00620463668687353
TRINITY_DN25354_c0_g1_i1,0.00621364125375941
TRINITY_DN34641_c0_g3_i2,0.00621895806042209
TRINITY_DN35575_c2_g3_i3,0.00622733621345581
TRINITY_DN35618_c0_g2_i1,0.00624017257070692
TRINITY_DN38531_c1_g2_i1,0.00626160448076011
TRINITY_DN33043_c7_g1_i3,0.00628951394639832
TRINITY_DN36059_c2_g1_i1,0.00629519790332298
TRINITY_DN36163_c2_g1_i6,0.00630850880452239
TRINITY_DN39312_c2_g4_i1,0.00633084329450735
TRINITY_DN34902_c0_g1_i1,0.00633740468561548
TRINITY_DN39026_c5_g1_i6,0.00635594246265914
TRINITY_DN28442_c2_g2_i3,0.0063595596541114
TRINITY_DN29048_c1_g4_i1,0.00636007237175744
TRINITY_DN32611_c7_g1_i1,0.00636640640664499
TRINITY_DN39079_c2_g1_i5,0.00636787662624524
TRINITY_DN38308_c1_g1_i5,0.00637230452731585
TRINITY_DN37892_c0_g1_i2,0.00637418843389171
TRINITY_DN29629_c3_g4_i1,0.00638286347348974
TRINITY_DN39236_c4_g5_i1,0.00639108060937935
TRINITY_DN27722_c7_g1_i1,0.00642048096780711
TRINITY_DN36056_c5_g1_i13,0.00646030865089044
TRINITY_DN30382_c0_g1_i3,0.00647811897652299
TRINITY_DN34218_c2_g2_i5,0.00648247890110585
TRINITY_DN39671_c12_g1_i1,0.00649458740379578
TRINITY_DN34032_c1_g3_i1,0.00649962923827337
TRINITY_DN34566_c1_g1_i13,0.00650379676228722
TRINITY_DN31250_c2_g1_i5,0.00651190315952717
TRINITY_DN32365_c0_g3_i3,0.00651458244234686
TRINITY_DN39478_c0_g1_i5,0.00651695306292444
TRINITY_DN34969_c3_g1_i3,0.006526510361403
TRINITY_DN33704_c3_g1_i2,0.00653052228380747
TRINITY_DN31042_c2_g2_i2,0.00653955000150435
TRINITY_DN32883_c3_g1_i13,0.00654519616980238
TRINITY_DN24426_c0_g1_i1,0.00654621982766221
TRINITY_DN33143_c1_g4_i2,0.00654849208862633
TRINITY_DN34602_c6_g2_i3,0.00656110385102575
TRINITY_DN35346_c0_g1_i1,0.00656682883461219
TRINITY_DN35510_c0_g1_i3,0.00656935188441153
TRINITY_DN30802_c1_g1_i1,0.00657421016016128
TRINITY_DN32813_c1_g1_i7,0.0065771923732899
TRINITY_DN38206_c1_g2_i1,0.00658562737901591
TRINITY_DN38686_c1_g1_i7,0.00658885331981649
TRINITY_DN27593_c3_g2_i2,0.00659959330727085
TRINITY_DN27583_c2_g1_i5,0.00660378150385416
TRINITY_DN35290_c2_g1_i1,0.0066311812825314
TRINITY_DN29928_c6_g3_i4,0.00663438188873405
TRINITY_DN33196_c1_g1_i2,0.00665560465685719
TRINITY_DN35388_c0_g1_i1,0.00665578987433824
TRINITY_DN36615_c4_g1_i4,0.00666713746113165
TRINITY_DN33755_c4_g1_i1,0.00667170992828554
TRINITY_DN28433_c6_g1_i2,0.00667776879606171
TRINITY_DN34146_c2_g1_i6,0.00669487661440251
TRINITY_DN38879_c1_g1_i1,0.00673223324011491
TRINITY_DN24051_c0_g1_i2,0.00674080574582863
TRINITY_DN39367_c1_g3_i22,0.00680265847394462
TRINITY_DN33255_c0_g1_i4,0.00680805429719059
TRINITY_DN33466_c1_g1_i1,0.00681118842698416
TRINITY_DN37033_c6_g1_i9,0.00681336478631827
TRINITY_DN38212_c1_g2_i3,0.00681779451238296
TRINITY_DN39497_c5_g3_i4,0.00682258442535964
TRINITY_DN31681_c0_g1_i11,0.00682475642568625
TRINITY_DN35002_c2_g1_i5,0.00684414074162962
TRINITY_DN26202_c0_g1_i2,0.00685040088465886
TRINITY_DN37444_c10_g1_i1,0.0068595467302019
TRINITY_DN27456_c4_g1_i3,0.00686931407151769
TRINITY_DN33177_c0_g1_i4,0.00687168469095471
TRINITY_DN29240_c3_g2_i10,0.00687787057114863
TRINITY_DN38545_c0_g2_i3,0.0068858074016483
TRINITY_DN24174_c0_g1_i1,0.00689535115035445
TRINITY_DN2164_c0_g1_i1,0.00693763939699249
TRINITY_DN23347_c0_g1_i5,0.00694097757598641
TRINITY_DN39588_c6_g1_i2,0.00695565118698284
TRINITY_DN21234_c0_g1_i1,0.00696904508751578
TRINITY_DN26794_c1_g1_i2,0.00698423683119279
TRINITY_DN32833_c7_g2_i1,0.00700682599151599
TRINITY_DN29859_c3_g1_i1,0.00700830745390013
TRINITY_DN30443_c0_g1_i2,0.0070100905564219
TRINITY_DN27673_c0_g1_i2,0.00701496250793468
TRINITY_DN29137_c3_g1_i1,0.00701742774583272
TRINITY_DN27909_c1_g1_i8,0.00701951108179262
TRINITY_DN37678_c1_g1_i9,0.00702063896840659
TRINITY_DN36380_c1_g2_i1,0.00704337695528834
TRINITY_DN26838_c0_g1_i2,0.00704806969041967
TRINITY_DN37635_c5_g1_i6,0.00704852278636355
TRINITY_DN34503_c1_g1_i3,0.00704956647093873
TRINITY_DN27800_c3_g1_i2,0.00710360140404987
TRINITY_DN36957_c0_g5_i2,0.00710476776385065
TRINITY_DN37543_c0_g3_i1,0.00711718792932
TRINITY_DN31042_c2_g2_i1,0.00711943781877147
TRINITY_DN38618_c2_g1_i2,0.00711965025746058
TRINITY_DN28009_c2_g1_i2,0.00712723879649561
TRINITY_DN37381_c0_g4_i5,0.00714132553566113
TRINITY_DN34873_c0_g1_i11,0.00715402702153447
TRINITY_DN32627_c7_g5_i2,0.00716531900943795
TRINITY_DN34540_c0_g8_i1,0.00717451992458278
TRINITY_DN34276_c0_g1_i18,0.00718229023927013
TRINITY_DN37254_c1_g2_i3,0.00718781293632621
TRINITY_DN32271_c5_g1_i2,0.00719485420481303
TRINITY_DN38269_c0_g1_i9,0.00719608564254867
TRINITY_DN28633_c6_g7_i1,0.00719858947477916
TRINITY_DN26668_c4_g1_i1,0.00721693549644859
TRINITY_DN37486_c0_g3_i9,0.00726970663185471
TRINITY_DN34737_c7_g1_i9,0.00728424745500558
TRINITY_DN26947_c0_g1_i1,0.00730081298390557
TRINITY_DN27312_c5_g1_i1,0.00730136819043454
TRINITY_DN28903_c5_g2_i1,0.00731250277524908
TRINITY_DN37830_c1_g1_i1,0.00731806845681049
TRINITY_DN39049_c1_g1_i2,0.00732631338501545
TRINITY_DN31290_c4_g2_i2,0.00733048174432415
TRINITY_DN36255_c0_g2_i2,0.00735522691897575
TRINITY_DN34958_c4_g1_i1,0.00735763237934316
TRINITY_DN38836_c0_g3_i4,0.00737045207042918
TRINITY_DN37886_c6_g1_i6,0.00738047867782898
TRINITY_DN27028_c0_g1_i1,0.00739414617176389
TRINITY_DN27282_c0_g2_i2,0.00739549030188598
TRINITY_DN32812_c3_g2_i2,0.00739661381476048
TRINITY_DN32845_c2_g3_i1,0.00741896467925084
TRINITY_DN37354_c1_g1_i4,0.00744926421086196
TRINITY_DN32806_c2_g1_i2,0.00745023021993342
TRINITY_DN30802_c4_g5_i4,0.00745350605165079
TRINITY_DN38300_c1_g1_i10,0.00746783352706642
TRINITY_DN38172_c3_g1_i1,0.00748508542443129
TRINITY_DN31342_c1_g1_i2,0.00748957462353611
TRINITY_DN32158_c0_g1_i4,0.00749880579851115
TRINITY_DN31830_c2_g1_i2,0.00750576528578518
TRINITY_DN5113_c0_g1_i1,0.007507527800905
TRINITY_DN32872_c4_g3_i3,0.00750889813796526
TRINITY_DN33466_c1_g2_i4,0.00751087745679725
TRINITY_DN33836_c3_g7_i2,0.00756530661846973
TRINITY_DN27827_c5_g3_i2,0.00756843767406079
TRINITY_DN30148_c3_g4_i2,0.00758679066257707
TRINITY_DN34786_c2_g2_i1,0.00758962547682707
TRINITY_DN32120_c4_g1_i3,0.0075939473648353
TRINITY_DN31817_c5_g3_i1,0.00760569813715501
TRINITY_DN36289_c1_g1_i8,0.00761576129479974
TRINITY_DN39576_c5_g2_i1,0.00761745891192011
TRINITY_DN37138_c1_g2_i15,0.00764907726398882
TRINITY_DN34452_c1_g2_i5,0.00765071397168968
TRINITY_DN35618_c0_g1_i4,0.00768288309468293
TRINITY_DN33927_c0_g1_i2,0.00777768714135086
TRINITY_DN30351_c4_g3_i7,0.00778981209295117
TRINITY_DN31365_c0_g2_i1,0.00780159787925642
TRINITY_DN32633_c2_g1_i1,0.00780965213848305
TRINITY_DN34301_c1_g1_i2,0.00781345400414453
TRINITY_DN29902_c4_g2_i3,0.00781536138301425
TRINITY_DN38375_c1_g1_i4,0.0078158174199979
TRINITY_DN32560_c0_g1_i5,0.0078171363635542
TRINITY_DN35487_c2_g1_i1,0.00783318172926399
TRINITY_DN39138_c0_g1_i1,0.00785328881453946
TRINITY_DN33813_c5_g1_i1,0.0078713941888067
TRINITY_DN31207_c3_g2_i1,0.00787970712254823
TRINITY_DN33704_c3_g1_i1,0.00788030538382377
TRINITY_DN33797_c2_g1_i3,0.00791591012229717
TRINITY_DN35873_c7_g2_i2,0.00791881611499521
TRINITY_DN34559_c7_g1_i1,0.00792704935192392
TRINITY_DN35959_c4_g2_i4,0.00793242114093236
TRINITY_DN35788_c4_g10_i1,0.00793264814402633
TRINITY_DN33828_c6_g4_i2,0.00793435486902819
TRINITY_DN34204_c2_g3_i1,0.0079462057863465
TRINITY_DN33253_c1_g2_i4,0.00794983419309866
TRINITY_DN33253_c1_g2_i9,0.00796016824595728
TRINITY_DN33744_c2_g1_i2,0.00796620078301105
TRINITY_DN32511_c0_g2_i5,0.00798942781739735
TRINITY_DN36957_c0_g2_i5,0.00800080501594574
TRINITY_DN32618_c0_g4_i1,0.00800515971449679
TRINITY_DN32572_c4_g1_i5,0.00801172815753325
TRINITY_DN32868_c0_g3_i1,0.00802121390980683
TRINITY_DN56230_c0_g1_i1,0.0080253012111093
TRINITY_DN26546_c1_g6_i1,0.00803340914693336
TRINITY_DN38137_c1_g2_i1,0.00807364513757241
TRINITY_DN35907_c1_g1_i9,0.00808800973124506
TRINITY_DN35618_c0_g1_i16,0.00811116743557174
TRINITY_DN35068_c2_g1_i16,0.00811206129568721
TRINITY_DN36089_c5_g2_i4,0.00811672633354613
TRINITY_DN33381_c5_g2_i2,0.00811880101753699
TRINITY_DN34357_c5_g6_i1,0.00811928915713252
TRINITY_DN31663_c3_g1_i3,0.00812132099483213
TRINITY_DN34232_c2_g1_i22,0.00812460874387202
TRINITY_DN37929_c0_g2_i13,0.00813114072364472
TRINITY_DN38110_c1_g2_i1,0.00813395716317115
TRINITY_DN29588_c6_g3_i3,0.00813886167283017
TRINITY_DN38687_c3_g2_i4,0.00814453925175173
TRINITY_DN36008_c4_g1_i10,0.00814931958582392
TRINITY_DN33250_c6_g2_i7,0.00815738701452435
TRINITY_DN34318_c2_g5_i1,0.00815890907756793
TRINITY_DN26630_c5_g10_i1,0.00816189382487729
TRINITY_DN27944_c2_g2_i1,0.00816368751629591
TRINITY_DN37929_c0_g2_i20,0.0082005917158077
TRINITY_DN32094_c3_g3_i1,0.00820110005866996
TRINITY_DN37785_c2_g2_i3,0.00820258291614475
TRINITY_DN36414_c1_g1_i4,0.00821155429911123
TRINITY_DN32334_c2_g4_i1,0.00821325193059226
TRINITY_DN38040_c4_g2_i2,0.00821767952282624
TRINITY_DN35827_c4_g1_i2,0.00821839990191623
TRINITY_DN35618_c0_g1_i1,0.00824292360644399
TRINITY_DN39015_c0_g1_i1,0.00825652328179399
TRINITY_DN26838_c0_g1_i1,0.00825750163304199
TRINITY_DN30138_c0_g2_i3,0.0083030686528917
TRINITY_DN34084_c8_g2_i1,0.00830671541098731
TRINITY_DN30802_c4_g4_i1,0.00835735292878349
TRINITY_DN33172_c0_g1_i6,0.00835763499435447
TRINITY_DN35859_c0_g2_i4,0.00836358361663532
TRINITY_DN35827_c3_g2_i6,0.00836385569102225
TRINITY_DN37886_c6_g1_i9,0.00838291717220518
TRINITY_DN33109_c1_g4_i1,0.00838500253639623
TRINITY_DN31385_c3_g1_i1,0.00840849685858887
TRINITY_DN36331_c1_g2_i2,0.00840961994814482
TRINITY_DN31471_c1_g2_i2,0.00841222457577652
TRINITY_DN28743_c6_g1_i1,0.00842119088737384
TRINITY_DN33172_c0_g1_i4,0.00842280881812812
TRINITY_DN30897_c3_g4_i1,0.00843509694776051
TRINITY_DN39515_c2_g2_i1,0.00844705958503034
TRINITY_DN35574_c0_g2_i1,0.00845065618218339
TRINITY_DN36698_c0_g3_i1,0.00845076055326967
TRINITY_DN35189_c4_g1_i2,0.00845671183386538
TRINITY_DN32799_c2_g1_i4,0.00845993757181407
TRINITY_DN32684_c3_g1_i2,0.00846405194569893
TRINITY_DN32440_c1_g2_i2,0.00847654547372447
TRINITY_DN32399_c6_g1_i2,0.00847887603605625
TRINITY_DN30592_c3_g4_i5,0.00848578331619328
TRINITY_DN32785_c2_g2_i1,0.00849090480868725
TRINITY_DN34339_c0_g1_i7,0.00850318270378937
TRINITY_DN37419_c7_g1_i5,0.00850837658062332
TRINITY_DN29110_c2_g2_i9,0.00853177424631111
TRINITY_DN34647_c5_g1_i3,0.00853706030878738
TRINITY_DN37254_c1_g2_i4,0.00854196291142849
TRINITY_DN33908_c5_g1_i1,0.00854535134767429
TRINITY_DN28503_c1_g2_i3,0.00857914509579722
TRINITY_DN25315_c0_g1_i1,0.00859639876694695
TRINITY_DN38213_c10_g4_i1,0.00860336054690821
TRINITY_DN35441_c1_g2_i3,0.00862398900443829
TRINITY_DN28048_c2_g8_i1,0.00863264820962924
TRINITY_DN37478_c0_g1_i5,0.00864675317094188
TRINITY_DN38347_c1_g1_i9,0.00867778753278096
TRINITY_DN31734_c5_g1_i13,0.00868000260161816
TRINITY_DN29406_c0_g2_i2,0.00870546114720974
TRINITY_DN35827_c4_g1_i1,0.00870953378434075
TRINITY_DN29048_c1_g4_i2,0.00871498731798448
TRINITY_DN29227_c10_g1_i2,0.00871841387697592
TRINITY_DN34648_c6_g2_i5,0.00872620670855606
TRINITY_DN29851_c3_g1_i12,0.008746122216971
TRINITY_DN31901_c7_g1_i1,0.00876635087604463
TRINITY_DN29465_c0_g3_i1,0.00878566152262984
TRINITY_DN36896_c2_g2_i1,0.00878764718466886
TRINITY_DN34157_c2_g1_i1,0.00879483582618196
TRINITY_DN39369_c1_g1_i2,0.00882245708368621
TRINITY_DN28399_c1_g6_i1,0.00883011401141443
TRINITY_DN35823_c0_g1_i1,0.00884353776615978
TRINITY_DN38643_c1_g1_i7,0.00885580787081356
TRINITY_DN26144_c2_g1_i11,0.00886573907966171
TRINITY_DN39352_c1_g1_i10,0.00887373131647015
TRINITY_DN32276_c1_g1_i2,0.00887843026623202
TRINITY_DN28026_c0_g2_i1,0.00888632418195018
TRINITY_DN38983_c1_g2_i7,0.00888859668922069
TRINITY_DN37862_c0_g1_i9,0.00889462954412666
TRINITY_DN36354_c2_g1_i6,0.00889910221894159
TRINITY_DN28795_c0_g1_i2,0.00891954612745196
TRINITY_DN33175_c4_g4_i1,0.00892630732841413
TRINITY_DN26309_c0_g1_i1,0.00893736777403673
TRINITY_DN35861_c1_g1_i7,0.00895476073014142
TRINITY_DN28088_c6_g3_i1,0.00896059518383437
TRINITY_DN38983_c1_g2_i11,0.00897060524130062
TRINITY_DN35346_c0_g1_i4,0.00899171053903577
TRINITY_DN30824_c3_g9_i1,0.00899926817076783
TRINITY_DN33688_c1_g1_i1,0.00904354851188419
TRINITY_DN38838_c2_g1_i12,0.00905945438874923
TRINITY_DN29949_c6_g5_i1,0.00907944575881593
TRINITY_DN35573_c2_g2_i9,0.00908414217144909
TRINITY_DN35761_c5_g1_i3,0.00912566944044579
TRINITY_DN28301_c3_g1_i5,0.0091374698777234
TRINITY_DN30258_c3_g2_i7,0.00915534345246133
TRINITY_DN35579_c1_g1_i6,0.00917172473485535
TRINITY_DN33783_c3_g1_i10,0.00919572315455629
TRINITY_DN33268_c2_g1_i1,0.00922787752034287
TRINITY_DN35273_c0_g1_i1,0.00923722854840434
TRINITY_DN38710_c1_g1_i14,0.00924004819187553
TRINITY_DN29816_c2_g2_i4,0.00924261205943287
TRINITY_DN25988_c0_g2_i1,0.00924882280626063
TRINITY_DN38689_c2_g1_i3,0.00926414241602084
TRINITY_DN39736_c17_g2_i5,0.00926935463400576
TRINITY_DN27456_c4_g1_i2,0.00928466781356164
TRINITY_DN33688_c1_g1_i4,0.00931768488278933
TRINITY_DN30456_c1_g1_i2,0.00933508027043279
TRINITY_DN28503_c1_g2_i1,0.00934140135025214
TRINITY_DN36762_c3_g2_i4,0.00935000337382364
TRINITY_DN33744_c2_g1_i3,0.00935514450243114
TRINITY_DN37729_c4_g1_i2,0.00935705493979213
TRINITY_DN32572_c4_g1_i12,0.00935997508072189
TRINITY_DN33562_c3_g2_i3,0.00937748805918448
TRINITY_DN39588_c6_g1_i3,0.00938698532158425
TRINITY_DN38553_c3_g1_i9,0.0094266558450507
TRINITY_DN30921_c0_g3_i5,0.00942832846932838
TRINITY_DN34760_c2_g1_i3,0.00943631328873265
TRINITY_DN38028_c2_g1_i11,0.00945432381533095
TRINITY_DN30195_c0_g3_i1,0.00946231866937762
TRINITY_DN29465_c0_g3_i2,0.00946833592510201
TRINITY_DN30138_c0_g2_i1,0.00947366008837581
TRINITY_DN35907_c1_g1_i1,0.00947393628060426
TRINITY_DN36840_c4_g1_i6,0.00947937646212733
TRINITY_DN33404_c1_g1_i2,0.00948124018381824
TRINITY_DN35224_c1_g1_i2,0.00949928409607806
TRINITY_DN30802_c3_g2_i1,0.00950212590009659
TRINITY_DN34232_c2_g1_i23,0.00950862891078104
TRINITY_DN32137_c1_g4_i1,0.00951997228417178
TRINITY_DN38457_c0_g1_i7,0.00952023167337917
TRINITY_DN36871_c0_g3_i4,0.00952223337243736
TRINITY_DN34029_c1_g1_i6,0.00954583956407289
TRINITY_DN34483_c2_g1_i4,0.00956298359972403
TRINITY_DN33226_c4_g1_i1,0.00957384845311163
TRINITY_DN38269_c0_g1_i5,0.00959650603692338
TRINITY_DN28557_c3_g2_i3,0.00960887461509307
TRINITY_DN37511_c7_g1_i1,0.0096091763265065
TRINITY_DN32268_c1_g4_i1,0.00961557645415166
TRINITY_DN38712_c1_g2_i5,0.00962907304012087
TRINITY_DN34203_c0_g1_i1,0.00963992962390963
TRINITY_DN33688_c1_g1_i5,0.00965195060274923
TRINITY_DN37446_c3_g1_i3,0.00965796443444545
TRINITY_DN24766_c0_g1_i1,0.00966186482133764
TRINITY_DN33585_c3_g1_i4,0.00966479072694501
TRINITY_DN32287_c3_g5_i3,0.00968970533330694
TRINITY_DN33556_c1_g1_i6,0.00969530408310846
TRINITY_DN33199_c0_g1_i3,0.00971165623703801
TRINITY_DN38086_c0_g2_i1,0.00980165279708531
TRINITY_DN34238_c13_g1_i3,0.0098053657565068
TRINITY_DN37268_c0_g1_i1,0.00980981730006019
TRINITY_DN39396_c7_g1_i1,0.00981727796474319
TRINITY_DN36497_c8_g3_i4,0.00981850322897745
TRINITY_DN26633_c8_g1_i2,0.00986793684146563
TRINITY_DN32142_c2_g3_i1,0.00987837807457712
TRINITY_DN34673_c4_g1_i10,0.0098820865081053
TRINITY_DN30974_c5_g1_i1,0.00990017173503693
TRINITY_DN33704_c3_g1_i5,0.00990258944136862
TRINITY_DN34277_c2_g2_i1,0.00991439392319348
TRINITY_DN34371_c4_g5_i1,0.00991564997931806
TRINITY_DN33196_c1_g1_i5,0.00997473087366524
TRINITY_DN32857_c0_g1_i3,0.00997672112068799
TRINITY_DN36120_c0_g1_i1,0.0099817675377482
TRINITY_DN29997_c4_g1_i3,1.11404163758032e-05
TRINITY_DN31257_c3_g3_i2,2.09854127909849e-05
TRINITY_DN31661_c0_g1_i3,2.65941102170697e-05
TRINITY_DN36482_c5_g1_i2,3.20392337737772e-05
TRINITY_DN27574_c4_g1_i4,4.69613752793356e-05
TRINITY_DN34623_c0_g2_i3,5.2555058260358e-05
TRINITY_DN27574_c4_g1_i5,6.6682369537447e-05
TRINITY_DN27574_c4_g1_i1,6.82474772562835e-05
TRINITY_DN31661_c0_g4_i1,7.11611704850517e-07
TRINITY_DN32790_c0_g1_i1,8.94514570881408e-05
TRINITY_DN29951_c4_g1_i1,9.37186857654215e-05
TRINITY_DN35656_c6_g1_i1,9.60203508513671e-05
TRINITY_DN38983_c1_g3_i6,9.86005603686812e-05
